keyword,category,priority
Medicare Part A explained,Medicare Basics,high
Medicare Part B explained,Medicare Basics,high
Medicare Part C explained,Medicare Basics,high
Medicare Part D explained,Medicare Basics,high
what does Medicare cover,Medicare Basics,high
Medicare vs Medicaid difference,Medicare Basics,high
how does Medicare work,Medicare Basics,high
when does Medicare start,Medicare Basics,high
Medicare eligibility requirements,Medicare Basics,high
Medicare for people under 65,Medicare Basics,medium
Medicare and Social Security,Medicare Basics,medium
original Medicare explained,Medicare Basics,medium
Medicare coverage gaps,Medicare Basics,medium
what Medicare does not cover,Medicare Basics,high
Medicare summary of benefits,Medicare Basics,medium
Medicare for disabled people,Medicare Basics,medium
Medicare end stage renal disease,Medicare Basics,low
Medicare ALS coverage,Medicare Basics,low
Medicare hospice coverage,Medicare Basics,medium
Medicare preventive care benefits,Medicare Basics,medium
Medicare supplement Plan G explained,Medigap Plans,high
Medicare supplement Plan N explained,Medigap Plans,high
Plan G vs Plan N Medicare supplement,Medigap Plans,high
best Medigap plans 2026,Medigap Plans,high
Medigap vs Medicare Advantage,Medigap Plans,high
how much does Medigap cost,Medigap Plans,high
Medicare supplement guaranteed issue,Medigap Plans,medium
best Medicare supplement companies,Medigap Plans,high
Medicare supplement Plan F still available,Medigap Plans,medium
Medigap open enrollment period,Medigap Plans,high
can you be denied Medigap coverage,Medigap Plans,medium
Medigap Plan K vs Plan L,Medigap Plans,low
Medicare supplement high deductible Plan G,Medigap Plans,medium
switching Medicare supplement plans,Medigap Plans,medium
Medicare supplement for snowbirds,Medigap Plans,low
Medigap Plan G deductible 2026,Medigap Plans,high
Medicare supplement rates by age,Medigap Plans,medium
best Medigap companies by state,Medigap Plans,medium
Medicare Advantage vs original Medicare,Medicare Advantage,high
best Medicare Advantage plans 2026,Medicare Advantage,high
Medicare Advantage pros and cons,Medicare Advantage,high
how does Medicare Advantage work,Medicare Advantage,high
Medicare Advantage dental coverage,Medicare Advantage,high
Medicare Advantage vision coverage,Medicare Advantage,medium
Medicare Advantage hearing coverage,Medicare Advantage,medium
Medicare Advantage HMO vs PPO,Medicare Advantage,high
Medicare Advantage star ratings explained,Medicare Advantage,medium
Medicare Advantage prior authorization,Medicare Advantage,medium
Medicare Advantage out of pocket maximum,Medicare Advantage,high
switching from Medicare Advantage to original Medicare,Medicare Advantage,high
Medicare Advantage network restrictions,Medicare Advantage,medium
best Medicare Advantage plans by state,Medicare Advantage,high
Medicare Advantage special needs plans,Medicare Advantage,medium
Medicare Advantage vs supplement cost comparison,Medicare Advantage,high
PFFS Medicare Advantage plans,Medicare Advantage,low
Medicare Advantage extra benefits,Medicare Advantage,medium
Medicare Advantage gym membership,Medicare Advantage,medium
Medicare Advantage OTC benefits,Medicare Advantage,medium
Medicare Part D explained,Part D Drug Coverage,high
Medicare Part D donut hole 2026,Part D Drug Coverage,high
Medicare Part D premium 2026,Part D Drug Coverage,high
how to choose Medicare Part D plan,Part D Drug Coverage,high
Medicare Part D formulary explained,Part D Drug Coverage,medium
Medicare Extra Help program,Part D Drug Coverage,high
Medicare Low Income Subsidy,Part D Drug Coverage,high
Medicare Part D late enrollment penalty,Part D Drug Coverage,high
Medicare Part D coverage gap,Part D Drug Coverage,high
best Medicare Part D plans 2026,Part D Drug Coverage,high
Medicare Part D deductible 2026,Part D Drug Coverage,medium
comparing Medicare Part D plans,Part D Drug Coverage,high
Medicare drug coverage for insulin,Part D Drug Coverage,high
Medicare $2000 out of pocket cap drugs,Part D Drug Coverage,high
Medicare Part D creditable coverage,Part D Drug Coverage,medium
Medicare prescription drug costs 2026,Part D Drug Coverage,high
Medicare Part D tier exceptions,Part D Drug Coverage,low
switching Medicare Part D plans,Part D Drug Coverage,medium
Medicare Part D catastrophic coverage,Part D Drug Coverage,medium
Medicare drug formulary change,Part D Drug Coverage,medium
Medicare Special Enrollment Period,Enrollment Periods,high
Medicare Annual Enrollment Period dates 2026,Enrollment Periods,high
Medicare Open Enrollment Period,Enrollment Periods,high
Medicare late enrollment penalty,Enrollment Periods,high
when to enroll in Medicare,Enrollment Periods,high
Medicare enrollment at 65,Enrollment Periods,high
Medicare enrollment deadline,Enrollment Periods,high
Medicare Part B late enrollment penalty,Enrollment Periods,high
Medicare Part D late enrollment penalty,Enrollment Periods,high
Medicare enrollment if still working at 65,Enrollment Periods,high
how to sign up for Medicare,Enrollment Periods,high
Medicare enrollment online,Enrollment Periods,medium
Social Security and Medicare enrollment,Enrollment Periods,medium
Medicare enrollment for railroad retirees,Enrollment Periods,low
Medicare enrollment for federal employees,Enrollment Periods,medium
Medicare enrollment period changes,Enrollment Periods,medium
Medicare plan change period,Enrollment Periods,medium
Medicare for people still working at 65,Special Situations,high
Medicare and employer insurance,Special Situations,high
Medicare as secondary insurance,Special Situations,high
Medicare coordination of benefits,Special Situations,medium
Medicare and COBRA,Special Situations,high
Medicare for veterans with VA benefits,Special Situations,medium
Medicare and TRICARE,Special Situations,medium
Medicare for federal employees FEHB,Special Situations,medium
Medicare for retirees with union insurance,Special Situations,medium
Medicare and Health Savings Account HSA,Special Situations,high
Medicare for self employed people,Special Situations,medium
Medicare for people with disabilities,Special Situations,medium
Medicare for end stage renal disease,Special Situations,low
Medicare and long term care insurance,Special Situations,medium
Medicare abroad international travel coverage,Special Situations,medium
Medicare for immigrants green card holders,Special Situations,low
Medicare for DACA recipients,Special Situations,low
Medicare for non citizens,Special Situations,low
Medicare and life insurance,Special Situations,low
Medicare for retirees moving to another state,Special Situations,medium
Medicare in North Carolina,State Medicare Resources,medium
Medicare in Florida,State Medicare Resources,high
Medicare in California,State Medicare Resources,high
Medicare in Texas,State Medicare Resources,high
Medicare in Arizona,State Medicare Resources,medium
Medicare in New York,State Medicare Resources,high
Medicare in Pennsylvania,State Medicare Resources,medium
Medicare in Ohio,State Medicare Resources,medium
Medicare in Georgia,State Medicare Resources,medium
Medicare SHIP counselors by state,State Medicare Resources,medium
Medicare Medicaid dual eligible,State Medicare Resources,medium
Medicare Extra Help by state,State Medicare Resources,high
Medicare Advantage plans by state 2026,State Medicare Resources,high
best Medicare plans in Florida 2026,State Medicare Resources,high
best Medicare plans in California 2026,State Medicare Resources,high
Medicare Medicaid coordination by state,State Medicare Resources,medium
state pharmaceutical assistance programs,State Medicare Resources,medium
Medicare in rural areas,State Medicare Resources,medium
Medicare plan finder by zip code,State Medicare Resources,high
Medicare Part B premium 2026,Medicare Costs,high
Medicare Part A premium 2026,Medicare Costs,high
Medicare deductible 2026,Medicare Costs,high
IRMAA Medicare surcharge 2026,Medicare Costs,high
Medicare IRMAA income thresholds 2026,Medicare Costs,high
how to lower Medicare costs,Medicare Costs,high
Medicare Savings Programs,Medicare Costs,high
average Medicare costs per month,Medicare Costs,high
Medicare cost sharing explained,Medicare Costs,medium
Medicare coinsurance explained,Medicare Costs,medium
Medicare copay vs coinsurance,Medicare Costs,medium
Medicare out of pocket maximum,Medicare Costs,high
total Medicare costs per year average,Medicare Costs,medium
Medicare cost for low income seniors,Medicare Costs,high
does Medicare cover 100 percent,Medicare Costs,high
Medicare hospital cost per day,Medicare Costs,medium
Medicare skilled nursing facility cost,Medicare Costs,medium
Medicare home health care cost,Medicare Costs,medium
Medicare cost for chemotherapy,Medicare Costs,medium
Medicare dental costs not covered,Medicare Costs,high
Medicare and dental coverage options,Medicare Costs,high
Medicare vision coverage cost,Medicare Costs,medium
Medicare hearing aid coverage cost,Medicare Costs,high
Medicare mental health coverage,Medicare Costs,medium
Medicare physical therapy coverage,Medicare Costs,medium
Medicare durable medical equipment coverage,Medicare Costs,medium
Medicare ambulance coverage cost,Medicare Costs,low
Medicare lab test coverage,Medicare Costs,low
Medicare imaging coverage MRI CT scan,Medicare Costs,medium
Medicare telehealth coverage 2026,Medicare Costs,medium
Medicare Advantage vs Medicare supplement total cost,Medicare Costs,high
how to compare Medicare plans cost,Medicare Costs,high
Medicare broker vs going direct,Medicare Costs,medium
Medicare plan review checklist,Medicare Costs,medium
Medicare Annual Notice of Change explained,Medicare Costs,medium
Medicare star rating system explained,Medicare Costs,medium
how to read Medicare Summary Notice,Medicare Costs,low
Medicare fraud and abuse how to report,Medicare Costs,low
Medicare appeals process,Medicare Costs,medium
how to dispute a Medicare claim,Medicare Costs,medium
Medicare Advantage disenrollment,Medicare Costs,medium
Medicare supplement rate increases,Medicare Costs,high
why Medicare premiums increase,Medicare Costs,medium
Medicare income related premium adjustment,Medicare Costs,high
Medicare premium tax deduction,Medicare Costs,medium
what does medicare part a and b cover for seniors,Medicare Basics,high
difference between medicare and medicaid explained,Medicare Basics,high
do i need medicare if i am still working at 65,Medicare Basics,medium
best medigap plan g for 2026,Medigap Plans,high
medigap plan g vs plan n comparison,Medigap Plans,high
how much does medicare supplement insurance cost per month,Medigap Plans,medium
medicare advantage vs original medicare pros and cons,Medicare Advantage,high
best medicare advantage plans with dental and vision 2026,Medicare Advantage,high
can i switch from medicare advantage back to original medicare,Medicare Advantage,medium
how to choose a medicare part d prescription drug plan,Part D Drug Coverage,high
what is the medicare part d donut hole coverage gap,Part D Drug Coverage,medium
medicare part d late enrollment penalty how to avoid,Part D Drug Coverage,medium
medicare initial enrollment period when to sign up at 65,Enrollment Periods,high
what is the medicare general enrollment period deadline,Enrollment Periods,low
medicare coverage for people with disabilities under 65,Special Situations,medium
how does medicare work with employer health insurance,Special Situations,medium
medicare savings programs for low income seniors in florida,State Medicare Resources,medium
ship medicare counseling free help by state,State Medicare Resources,low
how much does medicare part b cost in 2026,Medicare Costs,high
does medicare cover dental,Does Medicare Cover,high
does medicare cover hearing aids,Does Medicare Cover,high
does medicare cover eye exams,Does Medicare Cover,high
does medicare cover physical therapy,Does Medicare Cover,medium
does medicare cover cataract surgery,Does Medicare Cover,medium
does medicare cover assisted living,Does Medicare Cover,medium
does medicare cover a hospital bed at home,Does Medicare Cover,medium
what happens if i miss my medicare enrollment window,Enrollment Scenarios,high
do i need medicare if im still working,Enrollment Scenarios,high
how to switch medicare advantage plans,Enrollment Scenarios,medium
medicare late enrollment penalty explained,Costs and Penalties,high
how much does medicare cost per month,Costs and Penalties,medium
